dataset,model,metric,point_estimate,ci_lower,ci_upper,bootstrap_replicates,bootstrap_level
RSNA,CXR_SDGNet,AUROC,0.7933886041449094,0.7875626846745003,0.7993716333273309,2000,patient_cluster
RSNA,CXR_SDGNet,AUPRC,0.4835389074446195,0.47050268711530807,0.49727191213584065,2000,patient_cluster
RSNA,P7,AUROC,0.7909839908032232,0.7850001361534923,0.7972114550665402,2000,patient_cluster
RSNA,P7,AUPRC,0.46648534587296936,0.45382044881646716,0.47995645602030573,2000,patient_cluster
RSNA,LCDR,AUROC,0.7993674150344822,0.7936580054748673,0.8048243682663794,2000,patient_cluster
RSNA,LCDR,AUPRC,0.46404213126252647,0.4519269935269438,0.47680900612091603,2000,patient_cluster
PadChest,CXR_SDGNet,AUROC,0.7136972970950086,0.7045773993691253,0.7230425733441944,2000,patient_cluster
PadChest,CXR_SDGNet,AUPRC,0.10083762278351269,0.09477921955359332,0.10791541312801127,2000,patient_cluster
PadChest,seed42,AUROC,0.7189940343627674,0.7102774982930481,0.7284958232344416,2000,patient_cluster
PadChest,seed42,AUPRC,0.09743957085311447,0.0916240752569726,0.10420285329627739,2000,patient_cluster
PadChest,Original_3Seed_Ensemble,AUROC,0.7486056529403908,0.7407018317409866,0.7571669286540376,2000,patient_cluster
PadChest,Original_3Seed_Ensemble,AUPRC,0.10620645900039849,0.10002679990338512,0.11312203607165136,2000,patient_cluster
