index,raw_dtype,raw_min,raw_max,raw_mean,rgb_min,rgb_max,rgb_mean,rgb_std
13326,uint16,0.0,60524.0,35532.36308195153,0.0,255.0,253.56566884566325,18.843567356393915
77214,uint16,0.0,65535.0,28524.37348533163,0.0,255.0,252.4480428890306,24.557961680480453
57056,uint16,0.0,65535.0,35004.89602598852,0.0,255.0,252.35261878188774,25.361339612736707
60543,uint16,0.0,65535.0,32607.657087053572,0.0,255.0,240.17091836734693,58.23624767247953
28012,uint16,0.0,65535.0,33285.84606186225,0.0,255.0,232.10853794642858,69.6899381411971
73259,uint16,8172.0,63178.0,41484.61738679847,255.0,255.0,255.0,0.0
92077,uint16,0.0,60824.0,31665.150051817604,0.0,255.0,251.1164700255102,30.76866336894112
623,uint16,0.0,62834.0,31238.030831473214,0.0,255.0,222.38354990433675,84.86165911330012
25509,uint16,0.0,65535.0,30384.14481026786,0.0,255.0,237.90513392857142,62.57935848861716
80477,uint16,0.0,65535.0,38107.4576690051,0.0,255.0,253.27018893494898,20.74331596487813
52221,uint16,1654.0,57761.0,35899.065609056124,255.0,255.0,255.0,0.0
52805,uint16,0.0,65535.0,36248.556142378824,0.0,255.0,248.12559789540816,40.4597395320373
89646,uint16,0.0,65535.0,32579.34101961097,0.0,255.0,247.41615513392858,42.62844328602634
10376,uint16,0.0,65535.0,31247.193219866072,0.0,255.0,239.07902184311226,61.12587929989056
48220,uint16,0.0,59080.0,38471.112224968114,0.0,255.0,254.78637197066325,7.2525108924377815
53139,uint16,0.0,65535.0,24534.31126434949,0.0,255.0,171.18122209821428,119.44937473236477
47465,uint16,0.0,59775.0,20162.285016741072,0.0,255.0,170.00512197066325,119.86090735115519
79408,uint16,0.0,65535.0,30273.345025510203,0.0,255.0,245.9443957270408,45.94428201708389
17393,uint16,0.0,65535.0,34258.62213010204,0.0,255.0,243.6887356505102,51.56380925080803
53913,uint16,0.0,65535.0,31406.809968909438,0.0,255.0,244.251953125,49.26983253928648
2114,uint16,0.0,65535.0,35009.54994419643,0.0,255.0,253.0578164859694,21.979402497231977
15864,uint16,0.0,63726.0,25065.34181680485,0.0,255.0,195.74734933035714,107.32561906368471
81417,uint16,0.0,65535.0,28099.470204878828,0.0,255.0,246.29655612244898,45.90418001579891
63388,uint16,0.0,65535.0,39397.67741549745,0.0,255.0,250.70577566964286,32.53690977294497
13803,uint16,0.0,65535.0,33362.22779815051,0.0,255.0,230.92494419642858,73.29185749832597
19115,uint16,0.0,65535.0,38741.112583705355,0.0,255.0,250.80516581632654,31.990936023565027
74418,uint16,0.0,65535.0,29222.208087531886,0.0,255.0,249.4835977359694,36.72876423931747
72514,uint16,0.0,65535.0,29614.375856983417,0.0,255.0,234.29860889668367,69.15952428094316
70095,uint16,0.0,65535.0,28460.844108737245,0.0,255.0,249.25408561862244,37.17133814852833
47180,uint16,0.0,65535.0,34992.12705277424,0.0,255.0,247.53483737244898,42.0065614143187
95469,uint16,0.0,65535.0,36157.17207429847,0.0,255.0,251.1765585140306,30.280975503472263
85118,uint16,0.0,65535.0,30927.865852200255,0.0,255.0,238.08699378188774,62.65965915711024
51809,uint16,0.0,65535.0,36065.77802136479,0.0,255.0,252.47415098852042,24.976089679544454
70445,uint16,5980.0,63503.0,40531.699956154334,255.0,255.0,255.0,0.0
30210,uint16,0.0,65535.0,32092.038424744896,0.0,255.0,231.55323262117346,72.44269757479384
44971,uint16,0.0,65535.0,33439.14953364158,0.0,255.0,241.25988520408163,56.31109159419829
41497,uint16,0.0,61923.0,32510.52218191964,0.0,255.0,253.15764508928572,20.88930593452866
32354,uint16,0.0,65535.0,32142.200035873724,0.0,255.0,246.3165656887755,45.6873337276507
48652,uint16,0.0,65535.0,33093.34941007653,0.0,255.0,249.6777941645408,35.36447262877796
47445,uint16,6784.0,65149.0,41128.626953125,255.0,255.0,255.0,0.0
71424,uint16,7357.0,63336.0,46075.01979033801,255.0,255.0,255.0,0.0
12385,uint16,0.0,57976.0,35507.05546476403,0.0,255.0,248.5172791772959,39.77644976884179
77676,uint16,0.0,65535.0,28387.13155691964,0.0,255.0,250.1473014987245,34.50279592714416
42680,uint16,0.0,65535.0,38439.68708147322,0.0,255.0,252.72163982780611,23.746931504697
60046,uint16,0.0,58764.0,36546.24424027424,0.0,255.0,254.3646165497449,12.373629668819525
75152,uint16,0.0,65535.0,32053.235829878828,0.0,255.0,247.88783482142858,41.21740622818651
41677,uint16,0.0,59210.0,37330.0943877551,0.0,255.0,254.85082509566325,6.006846025637934
15320,uint16,0.0,63929.0,31935.604113520407,0.0,255.0,234.89492984693877,67.12949324257768
44230,uint16,0.0,65535.0,40652.42707669005,0.0,255.0,252.41587611607142,25.214622000918315
60688,uint16,0.0,65535.0,33388.77307876275,0.0,255.0,245.7536471619898,46.90342459449195
26877,uint16,5292.0,61153.0,36629.51998963648,255.0,255.0,255.0,0.0
28800,uint16,0.0,65535.0,32503.49465880102,0.0,255.0,246.5896444515306,44.84712437067443
55504,uint16,0.0,65535.0,34918.379125478314,0.0,255.0,252.80203683035714,22.721890148689837
14706,uint16,632.0,59971.0,37383.756098533166,255.0,255.0,255.0,0.0
43767,uint16,82.0,60050.0,36939.93138153699,82.0,255.0,254.99655213647958,0.7723137324091531
68935,uint16,0.0,65535.0,30139.224210778062,0.0,255.0,240.86352040816325,57.99821030439076
69482,uint16,0.0,65535.0,30220.413185586734,0.0,255.0,238.18829719387756,62.46341355295264
44742,uint16,0.0,65423.0,33745.79326769771,0.0,255.0,240.47716039540816,58.27560718870422
95580,uint16,0.0,65535.0,32825.00699537627,0.0,255.0,243.89883609693877,50.902496050722306
65443,uint16,0.0,63268.0,36141.51086176658,0.0,255.0,245.5263671875,46.41755817098889
46757,uint16,0.0,65535.0,36718.17350924745,0.0,255.0,251.84626116071428,27.875156599393723
30649,uint16,0.0,65535.0,28158.154396524234,0.0,255.0,242.5567402742347,54.60522609681831
69234,uint16,0.0,65535.0,27713.716418207907,0.0,255.0,231.0521165497449,73.43227520428427
53343,uint16,0.0,65535.0,34161.22516741072,0.0,255.0,247.55548469387756,42.54735496026235
70989,uint16,0.0,59722.0,29912.45280612245,0.0,255.0,253.97899394132654,14.54271468655982
42251,uint16,8026.0,63487.0,34793.525370695155,255.0,255.0,255.0,0.0
89723,uint16,0.0,65535.0,31525.33639588648,0.0,255.0,248.95170998086735,38.045829366703636
12206,uint16,0.0,65535.0,39069.8909638074,0.0,255.0,247.14568718112244,43.772065551336084
64609,uint16,0.0,65535.0,34381.38528380102,0.0,255.0,245.03673070790816,48.376455795283356
78869,uint16,0.0,65535.0,28350.841179049745,0.0,255.0,249.81489158163265,35.51580750551589
2167,uint16,0.0,59101.0,39057.26399075255,0.0,255.0,254.92902981505102,4.023558145782308
26428,uint16,0.0,65535.0,29424.41302614796,0.0,255.0,250.07065130739795,34.10388521662201
13765,uint16,0.0,57603.0,34274.88050063775,0.0,255.0,242.1354432397959,55.59052932011469
26353,uint16,0.0,65535.0,35688.31927614796,0.0,255.0,246.62543845663265,44.314359365753766
89490,uint16,0.0,65535.0,28978.88347018495,0.0,255.0,247.06335698341837,43.68280636029782
92683,uint16,14848.0,63348.0,44912.06042729592,255.0,255.0,255.0,0.0
30316,uint16,0.0,65535.0,33450.44525271046,0.0,255.0,233.8992147640306,69.0916775286296
72133,uint16,0.0,65535.0,32412.12179129464,0.0,255.0,248.63464604591837,39.01954534475903
79388,uint16,9119.0,63348.0,42711.091717155614,255.0,255.0,255.0,0.0
60680,uint16,0.0,65535.0,30882.098333864797,0.0,255.0,245.53166852678572,47.866572664786524
44329,uint16,0.0,65535.0,28486.153499681124,0.0,255.0,250.72448979591837,32.201337347567346
54625,uint16,0.0,65535.0,28530.669104751276,0.0,255.0,240.17281170280611,59.035531742214665
31058,uint16,0.0,65535.0,32228.97556600765,0.0,255.0,251.83011798469389,27.391053444274462
92510,uint16,0.0,65535.0,29374.859235491072,0.0,255.0,236.5428093112245,65.0680468921207
14661,uint16,0.0,65535.0,33975.60606664541,0.0,255.0,246.74340322066325,44.59333577378345
81199,uint16,0.0,65535.0,31374.96580038265,0.0,255.0,252.3873365752551,24.83181514188985
22842,uint16,0.0,57927.0,28945.05373086735,0.0,255.0,239.2951211734694,57.48593956682561
44624,uint16,0.0,62117.0,30315.79296875,0.0,255.0,252.81662547831633,21.441156911936847
63095,uint16,0.0,65535.0,23098.285634566328,0.0,255.0,176.6763990752551,116.6484466517307
64730,uint16,0.0,62092.0,32364.479272959183,0.0,255.0,232.23772321428572,71.31121140410417
95738,uint16,0.0,65535.0,32229.952387595662,0.0,255.0,227.4104153380102,78.29731931040473
84608,uint16,0.0,65535.0,32620.86945950255,0.0,255.0,253.55321269132654,18.48816430665549
39229,uint16,0.0,61601.0,32578.804807079083,0.0,255.0,238.39690290178572,60.58498289376948
58024,uint16,0.0,65535.0,33178.30410953444,0.0,255.0,251.16784917091837,30.216803489704436
35314,uint16,0.0,59451.0,33025.654476243624,0.0,255.0,250.11802455357142,34.34223596810402
11656,uint16,0.0,60834.0,30647.064831792093,0.0,255.0,225.84032206632654,80.55051171920235
47764,uint16,7109.0,62755.0,36411.774852519135,255.0,255.0,255.0,0.0
93751,uint16,0.0,65535.0,26050.248086734693,0.0,255.0,247.1279296875,43.69312762543739
42702,uint16,0.0,65535.0,33946.866489955355,0.0,255.0,247.5811144770408,42.09789233138858
27191,uint16,0.0,65535.0,34461.504803093114,0.0,255.0,236.0281608737245,66.02282013963777
66426,uint16,0.0,65535.0,29153.251275510203,0.0,255.0,228.09522480867346,77.39929128417091
2379,uint16,0.0,65535.0,34348.89365433674,0.0,255.0,249.95424107142858,35.176494720218784
47902,uint16,0.0,65535.0,37346.619897959186,0.0,255.0,250.25581951530611,33.63504323209766
13333,uint16,0.0,65535.0,36126.35202088648,0.0,255.0,252.79617745535714,23.247765395392832
39163,uint16,0.0,63920.0,28801.066525829083,0.0,255.0,243.4485411352041,48.60161079974224
53036,uint16,0.0,65535.0,32603.417789381376,0.0,255.0,244.8955676020408,49.20790165800043
39902,uint16,2732.0,61733.0,36521.84847337373,255.0,255.0,255.0,0.0
40781,uint16,0.0,65535.0,33185.79661591199,0.0,255.0,245.53575414540816,47.525573359065575
11842,uint16,0.0,64410.0,32476.521902901786,0.0,255.0,239.15575175382654,61.100103537268296
28371,uint16,0.0,65535.0,26773.332768654338,0.0,255.0,239.2350526147959,61.087028374800546
71579,uint16,0.0,65535.0,28120.01102120536,0.0,255.0,252.95808753188774,22.323652058042306
42150,uint16,0.0,64684.0,35823.957728794645,0.0,255.0,252.4492785395408,24.85240026928332
12611,uint16,0.0,65535.0,36078.67315051021,0.0,255.0,253.0181959502551,21.669586012886683
42900,uint16,0.0,63189.0,33297.38944913903,0.0,255.0,238.78908242984693,61.68969347337161
60042,uint16,0.0,65535.0,37449.62238919005,0.0,255.0,241.33928571428572,56.38087347508706
75828,uint16,0.0,65535.0,26622.373405612245,0.0,255.0,249.11866230867346,37.479934971164575
80007,uint16,0.0,65535.0,35497.665477519135,0.0,255.0,249.58864795918367,36.30619261788103
34683,uint16,8951.0,63411.0,47227.6660554847,255.0,255.0,255.0,0.0
19063,uint16,0.0,65535.0,34195.82292330995,0.0,255.0,253.33256935586735,19.93555336002042
50156,uint16,0.0,65535.0,29669.947883450255,0.0,255.0,248.74569515306123,38.62008109606002
91132,uint16,0.0,65535.0,27254.286272321428,0.0,255.0,239.29249043367346,60.647855827735754
11360,uint16,0.0,65535.0,32849.32389987245,0.0,255.0,249.83312739158163,35.08981329564352
92522,uint16,0.0,65535.0,30535.34373007015,0.0,255.0,237.26713966836735,61.44096753492068
89315,uint16,0.0,65535.0,34973.3750398597,0.0,255.0,248.77301897321428,38.8377359894758
86732,uint16,0.0,65535.0,30532.34865274235,0.0,255.0,252.87739158163265,22.916023366487433
57748,uint16,0.0,59804.0,33973.52178332271,0.0,255.0,243.21462452168367,52.80147280053136
66494,uint16,0.0,65535.0,31854.37310666454,0.0,255.0,243.49655213647958,51.97957966431697
68355,uint16,5796.0,63437.0,43189.04856903699,255.0,255.0,255.0,0.0
46075,uint16,0.0,65535.0,31349.76094148597,0.0,255.0,250.82280373086735,31.64237265202796
65106,uint16,5790.0,64236.0,36913.030970982145,255.0,255.0,255.0,0.0
2065,uint16,0.0,65393.0,33657.53162866709,0.0,255.0,241.48877949617346,56.55611991917433
70855,uint16,6094.0,63436.0,45635.766063456635,255.0,255.0,255.0,0.0
43975,uint16,0.0,64025.0,16933.173748405614,0.0,255.0,155.41844706632654,123.90286521014062
4293,uint16,0.0,61878.0,37403.24651227678,0.0,255.0,253.76468829719389,17.4991667273401
83654,uint16,0.0,59545.0,31817.30391023597,0.0,255.0,234.15495455994898,65.67345426753502
49865,uint16,0.0,65535.0,34167.69298070791,0.0,255.0,246.41505899234693,45.37227803523702
91906,uint16,0.0,65535.0,34516.361308195155,0.0,255.0,248.94533242984693,38.003133327067744
48897,uint16,6688.0,62488.0,36534.25181361607,255.0,255.0,255.0,0.0
17146,uint16,0.0,61570.0,35524.10829878826,0.0,255.0,254.33643574617346,12.743465734593073
31505,uint16,0.0,62284.0,32480.887655452807,0.0,255.0,246.89351482780611,44.42441289215241
58505,uint16,8921.0,64170.0,48565.08814971301,255.0,255.0,255.0,0.0
1718,uint16,0.0,64470.0,35178.624501753824,0.0,255.0,251.33185188137756,29.85973912367928
28568,uint16,4364.0,65482.0,38983.813755580355,255.0,255.0,255.0,0.0
95046,uint16,0.0,65535.0,33605.31220105229,0.0,255.0,249.88765545280611,34.964893823654045
44933,uint16,0.0,63146.0,32949.24589445153,0.0,255.0,245.11726721938774,47.7034119679767
59906,uint16,0.0,62775.0,37783.015605070155,0.0,255.0,252.5137715242347,23.655313772096644
6081,uint16,0.0,65535.0,37026.69491390306,0.0,255.0,240.89022640306123,57.28268142866502
30025,uint16,0.0,65535.0,32502.353176817604,0.0,255.0,241.3103874362245,56.57613715870101
28157,uint16,0.0,59473.0,34921.40929926658,0.0,255.0,250.07019292091837,34.609672866494876
46882,uint16,0.0,65535.0,27336.29731345663,0.0,255.0,239.9793925382653,59.38845522419913
1707,uint16,0.0,65535.0,41941.75406568877,0.0,255.0,254.14259805484693,13.988570343870645
81559,uint16,0.0,65535.0,29862.031927614797,0.0,255.0,236.42795360331633,65.4411600686292
75791,uint16,3887.0,65535.0,42213.90276227678,255.0,255.0,255.0,0.0
11740,uint16,0.0,63103.0,33487.22265625,0.0,255.0,237.51961096938774,63.82445892739053
73629,uint16,0.0,65535.0,36496.28974011479,0.0,255.0,253.09548389668367,21.515433851697
8501,uint16,0.0,55338.0,28671.019451530614,0.0,255.0,250.0801379145408,34.79926915265299
81792,uint16,0.0,64366.0,26298.127750318876,0.0,255.0,250.60467155612244,32.78807590293092
88512,uint16,0.0,65347.0,34982.9150789222,0.0,255.0,253.39114317602042,19.970316093467204
75988,uint16,0.0,63308.0,31747.095364317604,0.0,255.0,240.9862683354592,57.20639874294259
42475,uint16,0.0,65535.0,35975.69836176658,0.0,255.0,252.28378109056123,25.463333295062636
6205,uint16,0.0,57694.0,37512.991649394135,0.0,255.0,249.77766262755102,35.15675016772124
91819,uint16,0.0,63031.0,33342.851801658166,0.0,255.0,242.00571986607142,55.75426703292578
47775,uint16,0.0,65535.0,32342.361666932396,0.0,255.0,250.4411471619898,33.454488641425584
29476,uint16,0.0,65535.0,36856.75277024873,0.0,255.0,243.51610331632654,52.24470067838479
12180,uint16,0.0,60015.0,33390.61724728954,0.0,255.0,247.29097576530611,43.01432387277004
20471,uint16,0.0,59733.0,32967.207250478314,0.0,255.0,235.06413424744898,67.87250143623386
68455,uint16,0.0,57863.0,33856.272700095666,0.0,255.0,254.45685188137756,10.962313857124528
31478,uint16,0.0,65535.0,30910.733577806124,0.0,255.0,229.02242107780611,73.83280786712635
26720,uint16,0.0,65535.0,36603.49152981505,0.0,255.0,243.5704719387755,51.761095366377965
72245,uint16,0.0,65148.0,35175.56204161352,0.0,255.0,254.12729193239795,13.700633191829446
41489,uint16,0.0,65535.0,35087.0533721301,0.0,255.0,249.46948740433675,36.223204185559716
78392,uint16,0.0,65535.0,28956.795260682396,0.0,255.0,239.80604272959184,59.45042577775483
63155,uint16,0.0,65535.0,34817.1055086097,0.0,255.0,250.55102040816325,32.54724765068141
23413,uint16,0.0,59195.0,35271.33382493623,0.0,255.0,253.3582987882653,19.941150516064713
78959,uint16,0.0,65535.0,31086.78471779337,0.0,255.0,254.62230947066325,9.493371943905114
67249,uint16,12311.0,65535.0,45863.58033721301,255.0,255.0,255.0,0.0
68862,uint16,0.0,65535.0,32356.88944913903,0.0,255.0,243.6927415497449,51.53708325259391
27811,uint16,0.0,65535.0,33950.81965481505,0.0,255.0,244.75069754464286,49.36438033148514
10923,uint16,1687.0,63308.0,29104.803870376276,255.0,255.0,255.0,0.0
41249,uint16,0.0,65535.0,39524.279775191324,0.0,255.0,249.5818718112245,36.44239541804293
92490,uint16,0.0,65535.0,33897.716318558676,0.0,255.0,249.96599968112244,34.682533771702076
63751,uint16,6070.0,63395.0,42110.00890864158,255.0,255.0,255.0,0.0
7738,uint16,0.0,59604.0,34698.08912627551,0.0,255.0,242.34592235331633,55.15936133072042
66434,uint16,0.0,65535.0,34681.54157366072,0.0,255.0,249.82571348852042,34.14767916033492
41439,uint16,0.0,65535.0,28929.189612563776,0.0,255.0,235.12420280612244,67.7843379945687
8366,uint16,0.0,59483.0,35860.03766741072,0.0,255.0,250.38424744897958,33.371933412315414
63022,uint16,0.0,65194.0,37506.880779655614,0.0,255.0,254.7127311862245,8.290034697716674
54808,uint16,0.0,65024.0,32395.09205596301,0.0,255.0,237.5803372130102,63.66913265828046
32001,uint16,0.0,65535.0,27527.824119100766,0.0,255.0,240.35514987244898,58.74460278842328
19193,uint16,0.0,62524.0,33302.24990035076,0.0,255.0,239.06839923469389,61.14324523294558
65257,uint16,0.0,65535.0,27408.383191167093,0.0,255.0,252.80410953443877,22.732887882937494
45350,uint16,0.0,65535.0,32799.057437818876,0.0,255.0,243.9446946747449,51.11472579477292
39711,uint16,0.0,65535.0,39413.57752710459,0.0,255.0,251.74282525510205,27.744500762608848
75043,uint16,2943.0,63135.0,40538.70936304209,255.0,255.0,255.0,0.0
87553,uint16,0.0,65535.0,32715.09113919005,0.0,255.0,243.39419244260205,52.58061493741797
94702,uint16,0.0,62669.0,35653.862543845666,0.0,255.0,244.10220025510205,50.80434343757593
85307,uint16,0.0,65535.0,32001.781389508928,0.0,255.0,250.15041055484693,34.40449507202748
90641,uint16,0.0,65535.0,29736.847476881376,0.0,255.0,245.02455357142858,45.57031986649177
43665,uint16,0.0,65535.0,36035.17173549107,0.0,255.0,246.13430723852042,45.945305958920265
24930,uint16,0.0,65535.0,31844.075573979593,0.0,255.0,250.4923867984694,32.78641367443227
25380,uint16,0.0,65535.0,34209.080556441324,0.0,255.0,243.57224569515307,51.96471030090009
92223,uint16,0.0,65535.0,34715.7685148278,0.0,255.0,234.44471460459184,66.44850690902182
9043,uint16,0.0,63746.0,19644.61088966837,0.0,255.0,178.9081433354592,115.11370418951864
16732,uint16,0.0,65535.0,35465.58952487245,0.0,255.0,248.73292012117346,39.18585926246955
63438,uint16,4496.0,62230.0,34406.873286033166,255.0,255.0,255.0,0.0
73210,uint16,0.0,59782.0,38950.22040417729,0.0,255.0,251.99790736607142,27.154542091070685
10128,uint16,0.0,59087.0,35307.013233418365,0.0,255.0,250.32983896683675,33.5697666420831
81637,uint16,0.0,65535.0,38339.66735092475,0.0,255.0,248.26225685586735,40.08644098890051
19321,uint16,0.0,61864.0,29350.574079241072,0.0,255.0,221.6964485012755,84.91983807344442
47672,uint16,0.0,65535.0,35900.10403380102,0.0,255.0,251.15128746811226,30.360940734341305
31681,uint16,0.0,65535.0,34232.608318718114,0.0,255.0,254.21875,13.88558714829179
54242,uint16,0.0,62320.0,8069.928053252551,0.0,255.0,65.263671875,110.93222174324434
3309,uint16,0.0,58136.0,34302.66474011479,0.0,255.0,241.34532445790816,56.45179039617178
8187,uint16,0.0,58783.0,33669.9039580676,0.0,255.0,252.9688097895408,20.999693546624652
35733,uint16,0.0,65535.0,31711.588069993624,0.0,255.0,250.1161511479592,34.44880037909572
702,uint16,0.0,57177.0,35180.71869021046,0.0,255.0,252.24230707908163,26.150780518336386
80858,uint16,0.0,65535.0,37232.815927933676,0.0,255.0,253.86720742984693,16.612788380795617
67220,uint16,0.0,65535.0,31197.835817920917,0.0,255.0,247.42374840561226,42.13936366171481
64119,uint16,0.0,65535.0,36445.230289381376,0.0,255.0,254.7741151147959,7.552209620454757
16294,uint16,0.0,62791.0,33697.56893734056,0.0,255.0,246.75675621811226,44.37685309116762
91457,uint16,0.0,65535.0,30353.256716358417,0.0,255.0,223.60090481505102,79.35474330734057
91094,uint16,0.0,65535.0,31553.84687898597,0.0,255.0,247.69373804209184,41.800475460625
38343,uint16,0.0,62682.0,35706.2623565051,0.0,255.0,252.0045838647959,27.102359409414188
85634,uint16,0.0,65535.0,31305.47785794005,0.0,255.0,248.4111328125,39.77345207621801
70355,uint16,0.0,65535.0,32208.94036989796,0.0,255.0,244.39865672831633,50.296112307163014
24471,uint16,0.0,49991.0,23298.377132493624,0.0,255.0,251.43020567602042,29.41140532716291
39044,uint16,0.0,65535.0,31042.438616071428,0.0,255.0,252.42791374362244,25.17327121899353
73726,uint16,0.0,65535.0,30786.104372608417,0.0,255.0,250.8957071109694,31.68035345490539
41262,uint16,0.0,63110.0,31940.006417410714,0.0,255.0,251.7840202487245,27.70798567657737
6469,uint16,0.0,62947.0,35709.81455277424,0.0,255.0,251.1813416772959,30.78351798468913
9269,uint16,0.0,55471.0,31070.409777582907,0.0,255.0,246.33812978316325,43.01252415214101
94884,uint16,0.0,65535.0,21975.815130739797,0.0,255.0,177.87276785714286,116.90928417726934
74457,uint16,0.0,65091.0,31252.723453443876,0.0,255.0,249.3642578125,36.87971948027448
38974,uint16,0.0,65535.0,35435.84121890944,0.0,255.0,244.9854113520408,48.53833302475334
21970,uint16,0.0,65535.0,30319.340680803572,0.0,255.0,242.62290736607142,54.287104957199176
85432,uint16,0.0,62352.0,33542.68907445791,0.0,255.0,245.12173150510205,48.57874289726866
73308,uint16,4427.0,63486.0,47007.806919642855,255.0,255.0,255.0,0.0
29213,uint16,7573.0,63187.0,44864.277822066324,255.0,255.0,255.0,0.0
2178,uint16,0.0,59750.0,35318.80488679847,0.0,255.0,249.81509088010205,35.502289448236425
88741,uint16,0.0,65535.0,30661.81570870536,0.0,255.0,244.0972975127551,50.52258848689317
44078,uint16,0.0,65535.0,37860.341318558676,0.0,255.0,243.32106983418367,52.28081629518287
42923,uint16,0.0,65535.0,29614.086615114797,0.0,255.0,248.7808912627551,38.62443373498839
36946,uint16,0.0,65535.0,31139.500478316328,0.0,255.0,239.93100286989795,59.45291965791183
47818,uint16,0.0,65535.0,36894.72235730229,0.0,255.0,247.17679767219389,43.456435508064
21363,uint16,0.0,58307.0,30838.47291533801,0.0,255.0,249.72403140943877,35.39596974804653
57507,uint16,7967.0,63287.0,43420.958027742345,255.0,255.0,255.0,0.0
73465,uint16,0.0,65535.0,34208.13857222576,0.0,255.0,243.78230628188774,51.6222669099131
92737,uint16,0.0,48810.0,22897.793068399234,0.0,255.0,215.41593590561226,85.33531309619414
81790,uint16,0.0,65535.0,26682.74344308036,0.0,255.0,252.36063058035714,24.842705659945842
13391,uint16,0.0,58042.0,34729.47666214924,0.0,255.0,246.24154974489795,45.930380543228026
48444,uint16,0.0,65535.0,32709.49147002551,0.0,255.0,251.10220025510205,30.503532905426702
53817,uint16,4114.0,63930.0,33196.283223054845,255.0,255.0,255.0,0.0
54285,uint16,0.0,65535.0,31431.12749123087,0.0,255.0,246.41970264668367,45.00115425150453
28877,uint16,0.0,65535.0,37384.14219945791,0.0,255.0,249.2431042729592,37.17971498592905
80255,uint16,0.0,65535.0,32961.9847138074,0.0,255.0,246.1663743622449,45.539937458842225
66794,uint16,0.0,63165.0,26191.09373007015,0.0,255.0,189.0443040497449,111.33557840804293
44761,uint16,0.0,65535.0,34394.14411272322,0.0,255.0,244.6452487244898,49.646020467706904
41600,uint16,0.0,65535.0,34498.254185267855,0.0,255.0,242.74874441964286,52.501765834631826
91572,uint16,0.0,65535.0,34814.943538743624,0.0,255.0,252.4129862882653,24.843391048834235
75326,uint16,0.0,65535.0,38373.36090959822,0.0,255.0,248.81104512117346,38.47909011725031
11384,uint16,0.0,57171.0,34007.617984693876,0.0,255.0,241.2301698022959,57.18935133631958
34535,uint16,0.0,65535.0,37048.8050263074,0.0,255.0,249.79037786989795,34.92071673318734
84758,uint16,0.0,65535.0,33701.66400271046,0.0,255.0,247.32491629464286,43.08680972440092
57956,uint16,5660.0,62965.0,38639.617924904334,255.0,255.0,255.0,0.0
15390,uint16,0.0,62544.0,32473.456154336734,0.0,255.0,241.33679448341837,56.77975132769037
4175,uint16,0.0,57939.0,32985.0302734375,0.0,255.0,246.13711734693877,45.31006384915267
72956,uint16,0.0,64672.0,28456.103675063776,0.0,255.0,250.94082828443877,31.626744741178122
3052,uint16,0.0,58834.0,28898.81401466837,0.0,255.0,221.0285196109694,86.3087472986407
52992,uint16,7460.0,63094.0,44259.16266741072,255.0,255.0,255.0,0.0
45240,uint16,0.0,57854.0,35064.41882573342,0.0,255.0,244.1809630102041,50.91125271703712
947,uint16,0.0,60604.0,33355.50884885204,0.0,255.0,254.80612244897958,6.653421358081084
22273,uint16,0.0,61080.0,33670.99746890944,0.0,255.0,250.42615991709184,33.36800558447453
89595,uint16,5678.0,63486.0,44621.80480707908,255.0,255.0,255.0,0.0
11264,uint16,0.0,65535.0,29847.18901466837,0.0,255.0,239.75552056760205,60.08345498980971
23984,uint16,0.0,63247.0,32685.817223373724,0.0,255.0,240.95011559311226,57.35500694772205
7566,uint16,0.0,65535.0,37206.51867426658,0.0,255.0,243.32934072066325,52.41956770040765
52846,uint16,0.0,65535.0,33584.15397799745,0.0,255.0,243.83541932397958,51.14398545617448
92965,uint16,0.0,65535.0,34048.55408960459,0.0,255.0,248.1129225127551,40.141516688168636
56130,uint16,0.0,65535.0,26482.65840242347,0.0,255.0,245.6847297512755,47.41536997501941
49751,uint16,0.0,65535.0,32920.46283083546,0.0,255.0,254.9949178890306,1.138381513088636
10297,uint16,0.0,61760.0,29038.43672273597,0.0,255.0,230.17867107780611,75.52713762280528
49614,uint16,0.0,65535.0,26878.591059470662,0.0,255.0,234.90037069515307,67.88268271617761
44899,uint16,0.0,59752.0,35136.972417091834,0.0,255.0,254.85949457908163,5.827378089249052
60722,uint16,0.0,65535.0,29967.657864317604,0.0,255.0,221.10642538265307,85.65126260158146
17276,uint16,0.0,61211.0,30104.211296237245,0.0,255.0,251.54223134566325,27.02759335587211
49239,uint16,0.0,65535.0,31077.073640784438,0.0,255.0,246.4746691645408,45.020559319159936
69797,uint16,0.0,63822.0,30932.725247130104,0.0,255.0,236.45095264668367,65.72460421197998
74345,uint16,0.0,65535.0,30554.73170440051,0.0,255.0,249.88819355867346,35.29015083294522
75127,uint16,0.0,58957.0,36262.83135363521,0.0,255.0,251.6152941645408,28.8455754637909
32701,uint16,0.0,65535.0,32372.566047512755,0.0,255.0,246.45388233418367,45.540121303661714
32091,uint16,0.0,57721.0,36471.27606823979,0.0,255.0,253.69738520408163,17.98374712270935
64245,uint16,0.0,65535.0,30265.789740114797,0.0,255.0,244.42885044642858,50.20192445505475
15933,uint16,0.0,60833.0,33242.03866390306,0.0,255.0,225.47108179209184,79.97972180512703
62354,uint16,0.0,65535.0,33811.5224210778,0.0,255.0,244.81999362244898,49.09838115473121
30651,uint16,1724.0,65535.0,34464.73838089924,255.0,255.0,255.0,0.0
26374,uint16,0.0,53740.0,34422.692402742345,0.0,255.0,250.27690529336735,33.798539204362235
72424,uint16,0.0,65535.0,28553.169682716838,0.0,255.0,239.41071428571428,60.384266543909604
74185,uint16,0.0,65535.0,24757.150211256376,0.0,255.0,252.15656887755102,26.374581373510143
47303,uint16,0.0,65535.0,31723.306301817604,0.0,255.0,248.22058354591837,39.86427882040774
12048,uint16,0.0,65535.0,33135.69563137755,0.0,255.0,238.7743542729592,61.62269621848317
51971,uint16,0.0,65535.0,27642.85642538265,0.0,255.0,243.4884406887755,51.940462156666825
74890,uint16,0.0,65535.0,27815.37454161352,0.0,255.0,254.69090800382654,8.710560821373704
2401,uint16,0.0,59841.0,33830.936961894135,0.0,255.0,236.03236607142858,66.35401523615869
86177,uint16,1026.0,61352.0,32016.71823182398,255.0,255.0,255.0,0.0
17371,uint16,0.0,62881.0,31246.24485809949,0.0,255.0,230.9196627869898,74.05707446445952
58747,uint16,7228.0,62842.0,43136.10020727041,255.0,255.0,255.0,0.0
77164,uint16,0.0,65535.0,29706.52863919005,0.0,255.0,253.29284917091837,20.079477205857263
29628,uint16,0.0,64275.0,38273.78966039541,0.0,255.0,249.85825892857142,35.57453683392464
8064,uint16,0.0,65535.0,36172.304149394135,0.0,255.0,245.44766422193877,47.62347224366222
30169,uint16,0.0,63684.0,34646.71175462373,0.0,255.0,247.62511957908163,41.03418354414155
62061,uint16,0.0,65535.0,38295.68662308674,0.0,255.0,246.63530373086735,44.811977745568115
33150,uint16,12377.0,62554.0,38083.56903698979,255.0,255.0,255.0,0.0
42582,uint16,0.0,65535.0,36296.201869419645,0.0,255.0,248.34526466836735,38.90338835546099
81084,uint16,4850.0,61640.0,37805.99264588648,255.0,255.0,255.0,0.0
74365,uint16,0.0,65535.0,33416.74764827806,0.0,255.0,235.92235331632654,66.30667301389119
507,uint16,0.0,64634.0,32627.91035554847,0.0,255.0,245.45593510841837,47.96801035886188
85638,uint16,0.0,65535.0,29151.48118622449,0.0,255.0,246.08926578443877,45.95985398999564
35456,uint16,0.0,65535.0,29114.626056281886,0.0,255.0,238.19040975765307,62.51308740928188
52267,uint16,0.0,65535.0,46685.408382493624,0.0,255.0,243.87751116071428,51.55860707003349
81797,uint16,0.0,65535.0,30723.993044483417,0.0,255.0,247.93799824617346,41.05645789670115
34752,uint16,0.0,60307.0,33710.67342952806,0.0,255.0,248.20141103316325,40.603392639822324
79320,uint16,0.0,65535.0,31631.510184151786,0.0,255.0,238.99360251913265,60.51182052984581
78396,uint16,0.0,65535.0,31136.77883848852,0.0,255.0,245.1486367984694,47.979854060038036
22789,uint16,0.0,60874.0,34692.328623246176,0.0,255.0,248.84093989158163,38.64053868279997
68703,uint16,0.0,65535.0,33271.849828603314,0.0,255.0,229.06154336734693,76.06588049253925
8694,uint16,0.0,65535.0,35141.81903698979,0.0,255.0,245.0458386479592,49.091770437084826
21653,uint16,0.0,65535.0,31410.24029416454,0.0,255.0,227.78483737244898,77.9709929874849
25157,uint16,0.0,65535.0,34972.81096540178,0.0,255.0,214.88464604591837,88.98486505452148
55601,uint16,0.0,65535.0,15944.480349170919,0.0,255.0,132.34125876913265,127.13579118185369
95659,uint16,0.0,65535.0,36569.83209103954,0.0,255.0,247.56447305484693,42.168364289599886
33786,uint16,0.0,65535.0,36720.518474968114,0.0,255.0,244.8057238520408,49.69257655127015
85257,uint16,0.0,65535.0,28778.758629623724,0.0,255.0,247.33406409438774,42.93875609406179
27414,uint16,7361.0,63362.0,44477.04840959822,255.0,255.0,255.0,0.0
64833,uint16,2635.0,65535.0,47242.07702885842,255.0,255.0,255.0,0.0
1864,uint16,0.0,65535.0,38299.79502152424,0.0,255.0,246.4971301020408,44.90352904809231
34962,uint16,0.0,65535.0,31040.78340242347,0.0,255.0,248.0182955994898,41.24396436707276
41363,uint16,0.0,65535.0,31651.032704878828,0.0,255.0,250.60580755739795,32.71618647360345
92946,uint16,0.0,59755.0,21874.262515943876,0.0,255.0,150.75255102040816,125.00950870031784
13433,uint16,0.0,61908.0,28052.1796875,0.0,255.0,235.23270089285714,66.94784753365003
87933,uint16,0.0,65535.0,35370.774852519135,0.0,255.0,249.63926977040816,35.8943915091718
70678,uint16,0.0,65535.0,33672.4355070153,0.0,255.0,251.3284239477041,29.6826590111045
57133,uint16,0.0,65535.0,45410.551478794645,0.0,255.0,254.1544563137755,14.508757528915051
9202,uint16,0.0,58404.0,34881.30205676021,0.0,255.0,242.16643415178572,55.318061000504315
88368,uint16,0.0,65535.0,29050.963448660714,0.0,255.0,244.2351921237245,50.52373215348639
66457,uint16,0.0,65535.0,31579.689632493624,0.0,255.0,251.32316246811226,29.440736977756483
60159,uint16,0.0,65535.0,32284.011479591838,0.0,255.0,248.44499362244898,39.719852177661295
7903,uint16,0.0,57075.0,35565.98766342475,0.0,255.0,245.87507971938774,47.14824969996691
63526,uint16,0.0,57034.0,20174.45047433036,0.0,255.0,172.87220982142858,119.11423853500827
93125,uint16,0.0,65535.0,29455.876594387755,0.0,255.0,246.06140385841837,46.282986852028046
14489,uint16,0.0,63864.0,36065.825275031886,0.0,255.0,244.26584422831633,50.04819203831623
41940,uint16,996.0,59457.0,36725.22161989796,255.0,255.0,255.0,0.0
19380,uint16,0.0,65535.0,23277.637655452807,0.0,255.0,148.07079081632654,125.56730359057356
28778,uint16,0.0,65535.0,30433.416633450255,0.0,255.0,244.43110251913265,50.07250917113355
38777,uint16,0.0,65535.0,34931.28876355229,0.0,255.0,238.15531329719389,62.41676195718394
89354,uint16,4925.0,63348.0,44821.69232302296,255.0,255.0,255.0,0.0
39947,uint16,0.0,65535.0,33360.100506218114,0.0,255.0,244.1249402104592,51.24978645850173
35829,uint16,7957.0,63250.0,35778.71562101403,255.0,255.0,255.0,0.0
13402,uint16,0.0,61358.0,31613.78053252551,0.0,255.0,218.33635602678572,87.15397601774144
1333,uint16,0.0,65535.0,39269.332469706635,0.0,255.0,253.26857461734693,20.597668912129176
55780,uint16,0.0,65535.0,32128.032983896683,0.0,255.0,249.09078045280611,37.642909424265
59449,uint16,0.0,58327.0,35848.683314732145,0.0,255.0,251.79296875,28.154524384033113
15384,uint16,0.0,65535.0,44710.65172592475,0.0,255.0,249.40981744260205,36.781159219737326
77000,uint16,0.0,65535.0,41732.94977678572,0.0,255.0,241.5012356505102,56.787581379940576
66765,uint16,4632.0,63485.0,45089.807118941324,255.0,255.0,255.0,0.0
17139,uint16,0.0,60821.0,34256.48210299745,0.0,255.0,245.67330994897958,47.374144091410514
86319,uint16,0.0,65535.0,34116.07284359056,0.0,255.0,252.76415019132654,23.14888579288283
41661,uint16,0.0,65535.0,34715.55436862245,0.0,255.0,244.7911750637755,49.53863109965438
74797,uint16,0.0,65535.0,26284.768714126276,0.0,255.0,237.20053411989795,64.36898751916777
76942,uint16,0.0,65535.0,31202.520607461734,0.0,255.0,236.8734056122449,64.6247285946124
14472,uint16,0.0,65535.0,40333.03186782525,0.0,255.0,253.9312818877551,15.859706007119874
39504,uint16,0.0,65535.0,33953.79161352041,0.0,255.0,249.65708705357142,35.547941812272654
36366,uint16,0.0,59113.0,30441.22951211735,0.0,255.0,242.62336575255102,54.11364779342635
2939,uint16,0.0,63260.0,35228.18255739796,0.0,255.0,237.65878109056123,63.682799432341014
7554,uint16,0.0,58601.0,35046.26263552296,0.0,255.0,252.5103834502551,24.8506486660356
29782,uint16,0.0,60831.0,34059.93201929209,0.0,255.0,243.83882732780611,51.47318904034661
55306,uint16,0.0,63996.0,38382.12376434949,0.0,255.0,253.6431959502551,16.527590723511764
53149,uint16,0.0,61060.0,34423.2646882972,0.0,255.0,246.6373963647959,44.1324985835981
34948,uint16,0.0,65535.0,33835.20416135204,0.0,255.0,242.79328762755102,53.933823356803025
14536,uint16,0.0,65535.0,31528.30084103954,0.0,255.0,245.44294084821428,47.55516622298301
39882,uint16,0.0,65535.0,36150.256397480865,0.0,255.0,252.78061224489795,22.854767149309048
4283,uint16,0.0,65535.0,35414.44935825893,0.0,255.0,236.80383051658163,64.8102355460347
88303,uint16,0.0,65535.0,30690.62260841837,0.0,255.0,254.02553013392858,15.464789804280496
41514,uint16,0.0,65535.0,41734.62181122449,0.0,255.0,252.6171875,24.25226365272261
27492,uint16,0.0,65535.0,36629.9101163903,0.0,255.0,249.88444674744898,35.07347824781435
29684,uint16,0.0,65535.0,33568.33763153699,0.0,255.0,242.66645408163265,54.1601173839317
94536,uint16,0.0,65535.0,31551.41655373087,0.0,255.0,254.21394690688774,13.938777081798971
5562,uint16,0.0,58878.0,27883.62858737245,0.0,255.0,214.9646444515306,92.4832474228468
51873,uint16,0.0,65535.0,31870.655153858417,0.0,255.0,247.06531010841837,43.369074854719685
89525,uint16,0.0,65535.0,31952.153101084183,0.0,255.0,253.97622369260205,15.880587304952444
88715,uint16,0.0,65535.0,29978.007653061224,0.0,255.0,232.2325215242347,71.41072491495797
77263,uint16,0.0,65535.0,34432.81979432398,0.0,255.0,253.02234135841837,20.996250934846945
25100,uint16,0.0,65535.0,32128.840441645407,0.0,255.0,244.27258051658163,50.15104952620725
47258,uint16,0.0,65535.0,34358.01183832908,0.0,255.0,250.6092155612245,32.874018345271814
72969,uint16,0.0,65535.0,28616.905373086734,0.0,255.0,229.85837850765307,75.48476594084215
40118,uint16,7396.0,63306.0,44547.002391581635,255.0,255.0,255.0,0.0
3576,uint16,0.0,65535.0,35196.14883609694,0.0,255.0,249.79840959821428,35.82016501638398
71677,uint16,0.0,65535.0,35102.20665258291,0.0,255.0,253.44419642857142,19.353895141156602
52076,uint16,0.0,65535.0,35208.99256616709,0.0,255.0,252.3415975765306,25.622182452095362
63647,uint16,0.0,65535.0,32235.321368781886,0.0,255.0,232.68891501913265,70.82512778650836
8074,uint16,0.0,65535.0,37436.555584343114,0.0,255.0,247.41464046556123,42.977681215849785
9876,uint16,5851.0,59701.0,37653.01666135204,255.0,255.0,255.0,0.0
17977,uint16,0.0,59703.0,34685.19818239796,0.0,255.0,245.07130899234693,47.61986773168015
23307,uint16,0.0,54326.0,33822.11836336097,0.0,255.0,250.35112404336735,33.40122122875129
47054,uint16,0.0,65535.0,36696.73883928572,0.0,255.0,250.64704241071428,32.191792214649766
93207,uint16,0.0,65535.0,35956.21894929847,0.0,255.0,247.9820631377551,40.73891990910916
53929,uint16,0.0,64577.0,33113.13887117347,0.0,255.0,253.9395129145408,15.164850298772366
26832,uint16,0.0,64112.0,31079.666593590562,0.0,255.0,252.51570471938774,24.581475063718564
65079,uint16,0.0,65535.0,34336.4912109375,0.0,255.0,238.32615194515307,62.05729715231944
73825,uint16,1969.0,62937.0,40387.06517059949,255.0,255.0,255.0,0.0
13502,uint16,0.0,65535.0,29120.494140625,0.0,255.0,222.8214883609694,82.00580740901944
94780,uint16,0.0,65535.0,32384.142617984693,0.0,255.0,249.7594068877551,35.25428750022072
86570,uint16,0.0,65535.0,30559.237384406886,0.0,255.0,249.3369738520408,37.200520370586595
15746,uint16,0.0,65535.0,41770.643016581635,0.0,255.0,252.5172193877551,24.64379896073604
27566,uint16,14268.0,63338.0,49288.19567123725,255.0,255.0,255.0,0.0
23046,uint16,0.0,65535.0,39321.785654496176,0.0,255.0,253.70169005102042,17.70019696472771
31900,uint16,0.0,47643.0,24681.875896843114,0.0,255.0,231.0381855867347,71.10733832863099
76288,uint16,0.0,62794.0,30988.820192920917,0.0,255.0,239.13249362244898,57.93839800698697
6472,uint16,0.0,59449.0,35056.62737165178,0.0,255.0,242.5749960140306,54.38149771133075
15737,uint16,0.0,51824.0,31681.617984693876,0.0,255.0,248.17920918367346,39.75341539058559
60195,uint16,0.0,65535.0,35977.73098692602,0.0,255.0,242.04109534438774,55.002755913785315
66759,uint16,0.0,65535.0,33371.46354830995,0.0,255.0,240.0703722895408,58.985214003602735
71419,uint16,0.0,65535.0,32444.38091916454,0.0,255.0,251.15700733418367,30.459192017396404
43517,uint16,0.0,65535.0,28699.627371651786,0.0,255.0,243.1280293367347,53.041500169069174
35123,uint16,0.0,65535.0,38427.449697066324,0.0,255.0,243.54747289540816,52.4678193630096
48186,uint16,0.0,65535.0,35158.98186383928,0.0,255.0,249.63649952168367,35.835463818004335
41807,uint16,0.0,65535.0,32382.642478475766,0.0,255.0,248.38817362882654,40.18106454125913
35329,uint16,0.0,65535.0,32172.10526945153,0.0,255.0,248.6466836734694,38.87856757577785
41929,uint16,0.0,65535.0,33115.22040417729,0.0,255.0,246.25229193239795,45.6035378206468
85951,uint16,0.0,65535.0,32427.4208984375,0.0,255.0,250.04514110331633,34.885140533503254
89387,uint16,7427.0,62422.0,42019.254185267855,255.0,255.0,255.0,0.0
72343,uint16,4870.0,63486.0,47180.296436543365,255.0,255.0,255.0,0.0
74778,uint16,0.0,65535.0,29838.428093112245,0.0,255.0,226.7018893494898,79.49938365905835
63403,uint16,7293.0,63676.0,45041.475605867345,255.0,255.0,255.0,0.0
60719,uint16,0.0,65535.0,32465.738958864797,0.0,255.0,234.02046795280611,69.62258146633262
76755,uint16,0.0,65535.0,33185.38333067602,0.0,255.0,252.82840401785714,22.66291314694907
12653,uint16,0.0,61480.0,33825.65419722576,0.0,255.0,239.05837452168367,61.21959171066127
14185,uint16,0.0,65535.0,33434.39315609056,0.0,255.0,238.31760204081633,62.19315856823537
25991,uint16,0.0,65535.0,32693.12089445153,0.0,255.0,233.1133410395408,70.00141819774251
42911,uint16,0.0,65022.0,34505.568359375,0.0,255.0,245.5516980229592,47.73621863931241
63340,uint16,0.0,65535.0,33152.772739955355,0.0,255.0,250.1832350127551,33.90541953784446
9034,uint16,0.0,65535.0,38836.60337611607,0.0,255.0,251.20408163265307,30.16831840704155
50974,uint16,0.0,65535.0,31324.43138153699,0.0,255.0,244.8436503507653,49.39044466629528
79491,uint16,0.0,65535.0,34417.000498246176,0.0,255.0,252.25284996811226,26.01531735984932
10136,uint16,0.0,64839.0,30259.120515784438,0.0,255.0,226.31291852678572,79.13079825419658
27754,uint16,0.0,65535.0,31601.228914221938,0.0,255.0,251.44933832908163,29.061355864723854
38047,uint16,0.0,59347.0,36711.183414381376,0.0,255.0,252.32459741709184,25.743541254688893
26382,uint16,0.0,65535.0,30137.78932158801,0.0,255.0,252.53198740433675,24.26537630717733
63274,uint16,0.0,65535.0,36136.32726801658,0.0,255.0,250.6174465880102,32.38980776398249
68431,uint16,0.0,65535.0,28278.545758928572,0.0,255.0,247.19601004464286,42.60840747949487
85176,uint16,0.0,65535.0,28950.67189492985,0.0,255.0,246.5319674744898,44.67990220219166
52946,uint16,0.0,60633.0,30440.33326690051,0.0,255.0,238.04354671556123,63.31381859852299
72431,uint16,0.0,65535.0,33576.08484135842,0.0,255.0,254.85889668367346,5.954763082989099
33134,uint16,0.0,65535.0,32389.49778778699,0.0,255.0,252.15505420918367,26.012198680518434
91604,uint16,6042.0,63487.0,44038.93086336097,255.0,255.0,255.0,0.0
74469,uint16,0.0,65535.0,30942.205217633928,0.0,255.0,253.14487005739795,21.114002437312703
36340,uint16,0.0,65535.0,28843.913484534438,0.0,255.0,242.25306919642858,54.5530724870771
63858,uint16,0.0,65535.0,30211.452566964286,0.0,255.0,249.90623007015307,35.40815556222718
79353,uint16,0.0,59214.0,33426.34139827806,0.0,255.0,250.1746053890306,34.30307215064202
61349,uint16,0.0,65535.0,33045.264429209186,0.0,255.0,248.94100765306123,38.062071524245454
22601,uint16,0.0,56827.0,34128.94979671556,0.0,255.0,243.84913105867346,51.67964929437983
8971,uint16,0.0,65535.0,30267.613580197703,0.0,255.0,248.40525350765307,39.93894604488414
3974,uint16,0.0,65535.0,31680.083147321428,0.0,255.0,241.66001674107142,56.3015051232658
44483,uint16,0.0,61417.0,32338.53390066964,0.0,255.0,232.43933354591837,70.62297796727744
68440,uint16,0.0,65535.0,30241.244240274234,0.0,255.0,243.14614556760205,52.855453134669894
18062,uint16,0.0,65535.0,26969.816745057396,0.0,255.0,239.5823301977041,60.54959081202658
56448,uint16,4554.0,53680.0,35580.880580357145,255.0,255.0,255.0,0.0
83085,uint16,0.0,65535.0,31806.481146364797,0.0,255.0,244.19465481505102,50.784232802197835
44132,uint16,0.0,63015.0,35258.96588010204,0.0,255.0,247.12306680484693,43.35517062546671
21632,uint16,0.0,65535.0,36090.408641581635,0.0,255.0,252.64487005739795,24.157490801765555
46494,uint16,0.0,65535.0,34296.378985969386,0.0,255.0,245.99412069515307,46.434936734335984
12541,uint16,0.0,65535.0,28681.520467952807,0.0,255.0,239.17448580994898,60.80669919594767
79035,uint16,0.0,65535.0,35988.18215880102,0.0,255.0,254.02855947066325,15.254374839221112
7277,uint16,0.0,58009.0,35455.01405054209,0.0,255.0,250.0359733737245,34.02634703419746
88763,uint16,0.0,65535.0,28445.41157126913,0.0,255.0,221.0311503507653,86.04987878475603
22318,uint16,0.0,60810.0,34624.29547991072,0.0,255.0,244.3313536352041,49.57018562264868
26846,uint16,0.0,65535.0,29500.401028380104,0.0,255.0,242.0681002869898,54.812573865611405
57331,uint16,0.0,65535.0,36485.859454719386,0.0,255.0,254.46354830994898,11.272615209979074
76733,uint16,0.0,65535.0,35979.46303013393,0.0,255.0,252.87928491709184,22.821900944532974
75850,uint16,0.0,65535.0,32351.618742028062,0.0,255.0,245.67067920918367,47.58690071735143
8593,uint16,0.0,60796.0,34271.463109853314,0.0,255.0,241.04123485331633,57.47529583915026
89602,uint16,0.0,65535.0,29798.170081313776,0.0,255.0,239.5475526147959,59.816848595242575
16879,uint16,0.0,65535.0,29974.251076211734,0.0,255.0,238.25033880739795,62.26267673227669
8779,uint16,0.0,61277.0,35213.50350765306,0.0,255.0,244.3425143494898,50.53921648886286
82701,uint16,0.0,65535.0,29793.128408003828,0.0,255.0,239.61957908163265,59.596902160099575
18550,uint16,0.0,63237.0,33719.45404177296,0.0,255.0,244.6253587372449,49.77168125123712
15887,uint16,0.0,58468.0,29474.66599569515,0.0,255.0,206.7891222895408,99.81509328770792
18789,uint16,0.0,65535.0,35007.07633131377,0.0,255.0,246.35359534438774,45.6082581526935
16672,uint16,0.0,65535.0,33919.47038424745,0.0,255.0,253.67416693239795,16.759130708867453
11090,uint16,258.0,62249.0,35508.540218431124,255.0,255.0,255.0,0.0
50818,uint16,0.0,65325.0,35768.5855986926,0.0,255.0,254.5833067602041,10.106129052336495
3553,uint16,0.0,58205.0,32109.14987244898,0.0,255.0,235.11778539540816,66.48968930928325
8639,uint16,0.0,56908.0,33039.31405452806,0.0,255.0,241.7513352997449,56.24955824843101
62419,uint16,0.0,65535.0,29102.33527981505,0.0,255.0,249.86082987882654,35.084511322953965
28655,uint16,0.0,65535.0,32522.595882493624,0.0,255.0,247.96518255739795,41.46249288940681
68901,uint16,0.0,65535.0,33031.0989716199,0.0,255.0,234.9313416772959,67.4892421144393
28994,uint16,0.0,65535.0,30079.687280771683,0.0,255.0,244.84620137117346,49.121317381242534
70712,uint16,0.0,65535.0,27191.30422911352,0.0,255.0,254.39959343112244,12.001205821134498
10449,uint16,0.0,58686.0,31162.60813934949,0.0,255.0,241.2014309630102,56.308281374628486
22004,uint16,0.0,65535.0,33897.645428093114,0.0,255.0,246.99190848214286,43.894484160235415
52095,uint16,0.0,65535.0,30518.340441645407,0.0,255.0,240.0026307397959,59.39260306538837
